time,pm10,pm2_5,carbon_monoxide,nitrogen_dioxide,sulphur_dioxide,ozone,AQI
2024-01-01,52.25833333333333,35.291666666666664,0.7041666666666666,17.5125,22.004166666666666,113.08333333333333,99.77217453505007
2024-01-02,66.3875,44.63333333333333,0.9322499999999999,41.19166666666667,26.59166666666667,96.75,123.48911222780569
2024-01-03,60.18333333333334,37.300000000000004,0.5729583333333333,21.375,19.766666666666666,103.04166666666667,105.43216080402011
2024-01-04,69.79583333333333,43.475,0.5365416666666667,16.608333333333334,16.291666666666668,108.16666666666667,120.63693467336684
2024-01-05,88.60000000000001,53.354166666666664,0.6515416666666667,21.25,20.2625,101.83333333333333,144.96252093802346
2024-01-06,74.8,46.40833333333333,0.6373333333333333,14.1,19.224999999999998,107.125,127.85971524288107
2024-01-07,64.78333333333333,42.80416666666667,0.717,13.279166666666667,21.270833333333332,113.20833333333333,118.98513400335008
2024-01-08,65.16250000000001,42.78333333333333,0.8898333333333333,30.45,20.837500000000002,98.83333333333333,118.93383584589614
2024-01-09,60.94166666666666,38.545833333333334,0.6403333333333333,12.104166666666666,17.583333333333332,108.16666666666667,108.49979061976549
2024-01-10,52.25,34.233333333333334,0.6284166666666667,20.808333333333334,19.166666666666668,93.20833333333333,97.54649499284693
2024-01-11,54.51666666666667,36.237500000000004,0.9264166666666666,45.24166666666667,23.6125,67.25,102.81595477386935
2024-01-12,59.9125,40.125,0.9685416666666667,60.69664583333438,28.329166666666666,56.083333333333336,112.38819095477388
2024-01-13,43.550000000000004,25.891666666666666,0.632625,36.93333333333333,10.775,58.166666666666664,80.00393419170243
2024-01-14,74.74166666666666,40.7125,0.7997083333333334,45.35,17.033333333333335,71.41666666666667,113.83479899497488
2024-01-15,88.22083333333335,44.84583333333333,0.6693333333333333,29.25,16.099999999999998,83.5,124.01235343383584
2024-01-16,73.31666666666666,27.229166666666668,0.5016666666666666,35.78333333333333,8.1875,59.5,82.81670243204579
2024-01-17,93.28750000000001,53.07916666666667,0.6866666666666666,20.04583333333333,21.625,98.04166666666667,144.2853852596315
2024-01-18,91.98333333333333,58.537499999999994,0.8896666666666667,29.25,26.662499999999998,105.66666666666667,152.56836143308746
2024-01-19,91.30833333333334,57.49583333333334,1.2762499999999999,59.07164583333438,31.941666666666666,89.91666666666667,152.03051457674746
2024-01-20,86.96666666666665,50.54583333333333,0.985,41.6625,19.616666666666667,85.125,138.04752931323281
2024-01-21,96.87083333333334,57.59166666666667,1.2120833333333334,58.77164583333439,27.070833333333336,81.875,152.07999648753074
2024-01-22,78.825,42.208333333333336,0.7037916666666666,33.35,16.845833333333335,84.41666666666667,117.51800670016752
2024-01-23,86.45833333333333,47.71666666666667,0.7178749999999999,32.275,18.825,84.04166666666667,131.08123953098828
2024-01-24,106.40833333333335,59.71666666666667,0.9940000000000001,46.637499999999996,28.5,78.33333333333333,153.17720407446436
2024-01-25,96.52083333333333,53.24166666666667,0.9596666666666667,48.525000000000006,21.216666666666665,70.625,144.68551088777218
2024-01-26,95.58333333333333,57.8375,0.742375,20.295833333333334,21.383333333333336,106.91666666666667,152.20692834562698
2024-01-27,95.12916666666666,59.29583333333333,0.8939583333333333,29.204166666666666,22.854166666666668,102.75,152.95991394450297
2024-01-28,85.33333333333333,50.06666666666666,0.7242083333333333,20.125,16.66001250000002,103.375,136.86767169179228
2024-01-29,46.85,21.349999999999998,0.357875,21.7375,6.179166666666667,68.08333333333333,70.45278969957081
2024-01-30,76.80833333333334,24.2625,0.3682083333333333,23.349999999999998,7.1499999999999995,64.04166666666667,76.57778969957081
2024-01-31,58.28333333333333,21.45,0.323375,18.054166666666667,6.1000000000000005,76.54166666666667,70.66309012875537
2024-02-01,98.11666666666667,31.420833333333334,0.40162499999999995,24.95,11.4,74.20833333333333,91.63179542203147
2024-02-02,142.27083333333334,42.770833333333336,0.48633333333333334,36.17916666666667,11.629166666666668,50.041666666666664,118.90305695142379
2024-02-03,78.39583333333333,30.625,0.414,20.95416666666667,8.683333333333334,56.208333333333336,89.95815450643778
2024-02-04,73.24166666666666,23.84166666666667,0.3784166666666667,25.641666666666666,5.925,70.04166666666667,75.69277539341918
2024-02-05,50.525,26.55,0.4836666666666667,27.462500000000002,11.3125,78.33333333333333,81.38841201716738
2024-02-06,54.32916666666667,24.420833333333334,0.4259583333333334,23.995833333333334,9.920833333333333,87.16666666666667,76.91076537911303
2024-02-07,70.95416666666667,34.295833333333334,0.445125,17.933333333333334,12.654166666666667,84.875,97.67793276108728
2024-02-08,49.30833333333334,27.09166666666667,0.5475833333333333,32.52916666666667,14.095833333333333,77.0,82.52753934191703
2024-02-09,55.39166666666667,26.454166666666666,0.5304166666666666,28.09166666666667,10.833333333333334,82.625,81.18687410586553
2024-02-10,49.6625,24.729166666666668,0.49887499999999996,29.9875,12.004166666666668,86.20833333333333,77.55919170243206
2024-02-11,46.01666666666667,26.712500000000002,0.49466666666666664,29.212500000000002,13.641666666666666,84.91666666666667,81.73015021459229
2024-02-12,53.14166666666667,34.479166666666664,0.7019166666666666,42.53333333333333,16.545833333333334,80.45833333333333,98.06348354792561
2024-02-13,69.86666666666666,42.166666666666664,0.8740833333333334,47.1625,21.7,64.16666666666667,117.41541038525963
2024-02-14,76.1125,45.25,0.9266666666666667,51.32916666666667,20.154166666666665,69.375,125.00753768844221
2024-02-15,76.32083333333334,46.6625,0.9547500000000001,53.12083333333334,17.712500000000002,71.66666666666667,128.4855527638191
2024-02-16,61.012499999999996,37.025,0.839875,56.699999999999996,17.316666666666666,64.54166666666667,104.75502512562814
2024-02-17,38.675000000000004,22.641666666666666,0.523125,27.837500000000002,12.691666666666668,81.20833333333333,73.16917024320458
2024-02-18,28.920833333333334,15.737499999999999,0.27595833333333336,10.549999999999999,4.8875,92.70833333333333,58.64967811158798
2024-02-19,49.300000000000004,18.925,0.25437499999999996,9.725,3.8375,93.29166666666667,65.3530042918455
2024-02-20,47.73333333333333,21.183333333333334,0.254875,11.004166666666668,4.729166666666667,102.375,70.10228898426324
2024-02-21,53.50833333333333,18.241666666666667,0.29991666666666666,14.387500000000001,5.283333333333333,102.33333333333333,63.91595135908441
2024-02-22,75.81666666666668,22.883333333333336,0.524,35.3125,9.8125,70.66666666666667,73.67739628040059
2024-02-23,82.78750000000001,26.416666666666668,0.48974999999999996,23.758333333333336,13.387500000000001,101.0,81.10801144492132
2024-02-24,65.45416666666667,20.954166666666666,0.3870833333333333,22.275000000000002,10.979166666666666,88.83333333333333,69.6203505007153
2024-02-25,49.4125,21.412499999999998,0.4250833333333333,20.5,13.041666666666666,88.79166666666667,70.58422746781116
2024-02-26,58.2125,26.016666666666666,0.289875,7.708333333333333,10.237499999999999,111.95833333333333,80.26680972818312
2024-02-27,60.675000000000004,31.78333333333333,0.34370833333333334,9.387500000000001,12.704166666666666,107.375,92.39413447782547
2024-02-28,64.64999999999999,27.320833333333336,0.38975,14.5,14.045833333333334,106.29166666666667,83.00947782546496
2024-02-29,64.91666666666667,23.383333333333336,0.4195,18.854166666666668,12.079166666666666,109.45833333333333,74.72889842632333
2024-03-01,67.41250000000001,25.795833333333334,0.39929166666666666,19.4875,8.25,81.45833333333333,79.80239628040059
2024-03-02,82.47249166666667,20.008333333333333,0.24466666666666667,8.875,8.483333333333333,84.66666666666667,67.63125894134478
2024-03-03,121.64999999999999,36.574999999999996,0.28758333333333336,15.116666666666667,9.270833333333334,81.16666666666667,103.64698492462311
2024-03-04,73.36666666666666,28.425,0.4622916666666667,24.90833333333333,16.979166666666668,81.125,85.33154506437769
2024-03-05,41.6,20.291666666666668,0.37333333333333335,17.858333333333334,14.308333333333332,87.83333333333333,68.22711015736768
2024-03-06,51.020833333333336,21.083333333333332,0.3325416666666667,13.629166666666668,14.304166666666667,113.45833333333333,69.89198855507868
2024-03-07,62.05416666666667,23.829166666666666,0.3814166666666667,22.141666666666666,11.416666666666666,86.29166666666667,75.66648783977111
2024-03-08,60.666666666666664,31.71666666666667,0.5432916666666666,27.358333333333334,17.666666666666668,98.75,92.25393419170244
2024-03-09,63.06666666666666,33.579166666666666,0.54925,26.941666666666666,17.058333333333334,100.41666666666667,96.17077968526466
2024-03-10,87.1125,39.425000000000004,0.533,28.491666666666664,21.84166666666667,89.04166666666667,110.66457286432163
2024-03-11,50.95416666666667,21.412499999999998,0.316375,15.612499999999999,6.995833333333334,80.91666666666667,70.58422746781116
2024-03-12,35.025,16.4375,0.28058333333333335,13.720833333333333,7.875,77.0,60.12178111587983
2024-03-13,118.68333333333334,34.0875,0.2568333333333333,12.195833333333333,7.266666666666667,86.83333333333333,97.23980686695279
2024-03-14,109.14999999999999,39.3125,0.441375,27.425,13.508333333333333,84.79166666666667,110.38756281407035
2024-03-15,48.61666666666667,24.59166666666667,0.3784166666666667,20.483333333333334,10.154166666666667,93.08333333333333,77.27002861230329
2024-03-16,55.62083333333334,22.766666666666666,0.34395833333333337,19.708333333333332,9.275,92.70833333333333,73.43204577968527
2024-03-17,50.02916666666667,20.4875,0.34370833333333334,18.154166666666665,11.120833333333332,102.625,68.63894849785407
2024-03-18,47.51666666666667,21.558333333333334,0.3885,20.808333333333334,12.716666666666667,106.625,70.8909155937053
2024-03-19,58.75416666666666,16.695833333333333,0.316375,18.333333333333332,6.633333333333333,74.83333333333333,60.665057224606585
2024-03-20,74.42083333333333,23.920833333333334,0.44325,25.84583333333333,9.316666666666666,85.125,75.85926323319028
2024-03-21,57.300000000000004,26.662499999999998,0.3056666666666667,15.612499999999999,5.75,83.66666666666667,81.625
2024-03-22,56.21666666666667,22.162499999999998,0.2674583333333333,12.012500000000001,5.145833333333333,86.58333333333333,72.16148068669528
2024-03-23,68.59166666666667,21.858333333333334,0.24279166666666666,12.733333333333334,5.308333333333334,74.33333333333333,71.52181688125894
2024-03-24,58.39166666666667,20.954166666666666,0.26879166666666665,15.275,5.270833333333333,70.33333333333333,69.6203505007153
2024-03-25,54.583333333333336,19.208333333333332,0.3292083333333333,18.3875,7.570833333333333,85.04166666666667,65.94885550786839
2024-03-26,43.26666666666667,18.070833333333333,0.2846666666666667,15.033333333333333,5.4624999999999995,70.04166666666667,63.556688125894134
2024-03-27,57.84583333333333,18.466666666666665,0.26004166666666667,13.237499999999999,5.3625,83.83333333333333,64.38912732474964
2024-03-28,49.35,13.924999999999999,0.28379166666666666,14.670833333333333,5.55,107.16666666666667,54.837982832618025
2024-03-29,79.27916666666667,25.129166666666666,0.2723333333333333,12.745833333333332,5.824999999999999,103.66666666666667,78.40039341917024
2024-03-30,114.5125,32.24166666666667,0.22433333333333336,9.029166666666667,4.5249999999999995,95.5,93.35801144492132
2024-03-31,160.45416666666668,47.550000000000004,0.33129166666666665,17.287499999999998,10.716666666666667,105.66666666666667,130.6708542713568
2024-04-01,88.33333333333333,27.97083333333333,0.32358333333333333,17.366666666666667,8.066666666666666,94.70833333333333,84.37643061516452
2024-04-02,59.28333333333333,24.291666666666668,0.2334166666666667,10.029166666666667,5.3374999999999995,104.66666666666667,76.63912732474965
2024-04-03,112.95,31.108333333333334,0.30416666666666664,12.395833333333334,6.6625000000000005,127.41666666666667,90.97460658082977
2024-04-04,50.229166666666664,17.741666666666667,0.27133333333333337,12.858333333333334,5.795833333333333,114.16666666666667,62.86444921316166
2024-04-05,54.09583333333333,16.2,0.261,12.125,5.704166666666667,112.0,59.622317596566525
2024-04-06,48.6875,16.041666666666668,0.2743333333333333,13.429166666666667,5.825,113.08333333333333,59.28934191702432
2024-04-07,51.925000000000004,19.3875,0.30075,16.283333333333335,6.425,100.5,66.32564377682404
2024-04-08,49.458333333333336,18.270833333333332,0.3464583333333333,19.1125,6.391666666666667,98.04166666666667,63.97728898426323
2024-04-09,35.949999999999996,14.604166666666666,0.3095833333333333,17.308333333333334,5.7375,77.45833333333333,56.26627324749642
2024-04-10,39.50833333333333,17.712500000000002,0.2846666666666667,17.2,6.345833333333334,59.958333333333336,62.80311158798284
2024-04-11,45.975,17.266666666666666,0.29020833333333335,17.304166666666667,6.783333333333334,81.45833333333333,61.86552217453505
2024-04-12,33.625,12.125,0.23475000000000001,13.041666666666666,5.970833333333334,68.54166666666667,51.052575107296136
2024-04-13,49.1875,15.174999999999999,0.231375,13.8375,5.4875,61.208333333333336,57.46673819742489
2024-04-14,126.56666666666666,30.1125,0.3282083333333333,24.554166666666664,16.191666666666666,50.958333333333336,88.88036480686696
2024-04-15,55.75416666666666,17.454166666666666,0.28120833333333334,15.762500000000001,6.7250000000000005,57.916666666666664,62.25983547925608
2024-04-16,81.14999999999999,25.558333333333334,0.31858333333333333,19.95,18.6125,71.25,79.30293276108728
2024-04-17,57.75416666666666,22.150000000000002,0.31279166666666663,17.308333333333334,10.716666666666667,85.66666666666667,72.13519313304721
2024-04-18,88.70833333333333,23.3125,0.18320833333333333,8.420833333333333,4.7375,67.41666666666667,74.5799356223176
2024-04-19,55.55416666666667,26.775000000000002,0.21483333333333332,5.9624999999999995,3.983333333333333,123.375,81.86158798283263
2024-04-20,48.87916666666666,21.59166666666667,0.23270833333333332,8.512500000000001,4.675,107.25,70.96101573676683
2024-04-21,54.96666666666667,22.383333333333336,0.22524999999999998,9.25,4.629166666666666,90.20833333333333,72.62589413447783
2024-04-22,56.55416666666667,20.083333333333332,0.19404166666666667,8.65,4.125,72.58333333333333,67.78898426323319
2024-04-23,55.175000000000004,19.358333333333334,0.20695833333333333,9.720833333333333,4.6499999999999995,75.29166666666667,66.26430615164521
2024-04-24,51.0,19.675,0.22683333333333333,11.366666666666667,5.316666666666666,71.0,66.93025751072962
2024-04-25,45.112500000000004,15.475,0.20054166666666665,9.116666666666667,4.316666666666666,71.04166666666667,58.097639484978544
2024-04-26,66.60000000000001,16.745833333333334,0.20441666666666666,8.329166666666667,4.258333333333334,76.83333333333333,60.770207439198856
2024-04-27,59.85833333333333,15.495833333333332,0.21991666666666665,10.491666666666667,4.891666666666667,75.58333333333333,58.141452074391985
2024-04-28,72.92083333333333,20.095833333333335,0.21875,10.591666666666667,6.054166666666667,80.29166666666667,67.81527181688126
2024-04-29,127.17083333333333,29.583333333333332,0.26495833333333335,13.641666666666666,6.325,93.83333333333333,87.76752503576539
2024-04-30,130.75,30.708333333333332,0.26004166666666667,12.629166666666668,7.8125,101.29166666666667,90.13340486409157
2024-05-01,143.39583333333334,35.94583333333333,0.25866666666666666,13.379166666666668,8.125,99.58333333333333,102.09778056951424
2024-05-02,99.58333333333333,31.804166666666664,0.3264166666666667,17.745833333333334,11.708333333333334,98.54166666666667,92.43794706723892
2024-05-03,55.362500000000004,20.625,0.22333333333333336,10.4375,5.6625000000000005,65.70833333333333,68.92811158798284
2024-05-04,44.137499999999996,19.508333333333333,0.20683333333333334,8.283333333333333,4.170833333333333,77.45833333333333,66.57975679542203
2024-05-05,48.19166666666666,16.9375,0.18800000000000003,7.479166666666667,3.9166666666666665,64.20833333333333,61.17328326180258
2024-05-06,65.36666666666666,16.783333333333335,0.21866666666666668,11.504166666666668,4.904166666666667,71.08333333333333,60.84907010014307
2024-05-07,55.583333333333336,15.641666666666666,0.234125,12.945833333333333,5.591666666666666,72.16666666666667,58.448140200286126
2024-05-08,32.84166666666667,9.358333333333333,0.20504166666666668,11.879166666666668,5.7124999999999995,59.833333333333336,38.99305555555556
2024-05-09,34.699999999999996,10.654166666666667,0.20195833333333332,10.408333333333333,5.754166666666666,55.458333333333336,44.392361111111114
2024-05-10,47.82083333333333,13.125,0.2105,9.950000000000001,6.3999999999999995,60.291666666666664,53.15557939914163
2024-05-11,53.824999999999996,15.5875,0.20375,10.225,7.233333333333333,71.04166666666667,58.33422746781116
2024-05-12,75.68333333333334,15.983333333333334,0.2207916666666667,11.525,7.5125,83.58333333333333,59.16666666666667
2024-05-13,94.84583333333335,18.833333333333332,0.23595833333333335,14.233333333333334,8.366666666666667,80.125,65.16022889842633
2024-05-14,66.35833333333333,19.333333333333332,0.22579166666666664,13.65,8.354166666666666,83.08333333333333,66.21173104434907
2024-05-15,37.85,13.991666666666667,0.20291666666666666,11.433333333333332,5.875,74.125,54.97818311874106
2024-05-16,39.175000000000004,15.466666666666667,0.23375,12.487499999999999,5.5249999999999995,67.16666666666667,58.08011444921316
2024-05-17,46.425000000000004,16.141666666666666,0.22645833333333334,11.237499999999999,4.829166666666667,70.45833333333333,59.49964234620887
2024-05-18,25.479166666666668,10.174999999999999,0.22141666666666668,12.108333333333334,4.925,63.541666666666664,42.39583333333333
2024-05-19,25.508333333333336,8.533333333333333,0.181125,9.591666666666667,5.004166666666666,55.0,35.55555555555556
2024-05-20,39.3125,10.129166666666666,0.18358333333333332,8.354166666666666,4.270833333333333,60.958333333333336,42.204861111111114
2024-05-21,67.69166666666666,15.174999999999999,0.2061666666666667,9.766666666666667,4.879166666666666,68.625,57.46673819742489
2024-05-22,56.69583333333333,15.433333333333332,0.21433333333333335,10.445833333333333,5.191666666666666,71.45833333333333,58.010014306151646
2024-05-23,43.59583333333333,14.808333333333332,0.21083333333333332,10.595833333333333,5.141666666666667,71.125,56.69563662374821
2024-05-24,38.708333333333336,14.045833333333334,0.18679166666666666,10.533333333333333,5.825,75.625,55.09209585121603
2024-05-25,60.05833333333334,18.033333333333335,0.1904583333333333,10.2625,5.658333333333334,79.83333333333333,63.47782546494993
2024-05-26,59.291666666666664,19.7375,0.1709166666666667,7.729166666666667,4.508333333333334,74.375,67.06169527896996
2024-05-27,69.46666666666667,21.641666666666666,0.162125,7.104166666666667,3.954166666666667,67.91666666666667,71.06616595135908
2024-05-28,52.362500000000004,17.716666666666665,0.15416666666666667,6.05,3.408333333333333,66.33333333333333,62.81187410586552
2024-05-29,83.87083333333334,20.962500000000002,0.17819154166666665,8.0375,3.858333333333333,75.04166666666667,69.63787553648069
2024-05-30,65.24166666666666,18.55,0.20029166666666667,10.483333333333333,5.483333333333333,76.125,64.56437768240343
2024-05-31,91.5,20.400000000000002,0.18179166666666668,7.833333333333333,5.6499999999999995,74.83333333333333,68.4549356223176
2024-06-01,183.09795000000057,42.75,0.21720833333333334,10.933333333333332,5.7625,84.0,118.85175879396985
2024-06-02,55.22083333333333,16.666666666666668,0.169875,7.641666666666667,5.716666666666666,63.208333333333336,60.60371959942776
2024-06-03,80.26666666666667,16.141666666666666,0.15170833333333333,6.6499999999999995,4.745833333333334,62.208333333333336,59.49964234620887
2024-06-04,72.69166666666666,19.695833333333333,0.13454166666666667,5.2375,3.704166666666667,63.833333333333336,66.97407010014307
2024-06-05,71.77916666666667,20.241666666666667,0.14233333333333334,5.470833333333334,3.5,59.75,68.12195994277539
2024-06-06,66.15416666666667,21.704166666666666,0.1455,5.75,3.841666666666667,60.208333333333336,71.19760371959943
2024-06-07,70.96249999999999,18.804166666666667,0.16566666666666666,7.266666666666667,4.795833333333333,59.583333333333336,65.0988912732475
2024-06-08,57.525,15.366666666666667,0.158125,7.1125,4.404166666666667,57.541666666666664,57.86981402002861
2024-06-09,50.82083333333333,14.154166666666667,0.14941666666666667,7.241666666666667,4.491666666666666,59.5,55.31992131616595
2024-06-10,50.92083333333333,16.279166666666665,0.15083333333333335,6.7375,4.229166666666667,60.416666666666664,59.788805436337626
2024-06-11,46.30416666666667,18.333333333333332,0.154,6.0874999999999995,3.920833333333333,62.958333333333336,64.10872675250357
2024-06-12,46.09583333333333,19.5125,0.15291666666666667,5.308333333333334,3.658333333333333,64.16666666666667,66.58851931330472
2024-06-13,55.550000000000004,21.933333333333334,0.15120833333333333,5.4875,3.725,65.33333333333333,71.67954220314735
2024-06-14,69.03333333333333,21.075,0.147125,6.1125,4.1875,61.5,69.87446351931331
2024-06-15,72.36666666666666,19.808333333333334,0.16041666666666668,7.404166666666666,5.120833333333334,62.75,67.21065808297568
2024-06-16,66.99166666666666,19.295833333333334,0.183875,7.870833333333334,5.3374999999999995,65.08333333333333,66.13286838340487
2024-06-17,97.8,20.266666666666666,0.17429166666666665,7.266666666666667,5.070833333333334,63.916666666666664,68.17453505007154
2024-06-18,56.583333333333336,15.658333333333333,0.14608333333333332,5.633333333333333,4.033333333333333,58.25,58.48319027181688
2024-06-19,91.17916666666667,19.57916666666667,0.159625,7.408333333333334,4.8,64.66666666666667,66.72871959942776
2024-06-20,141.44166666666666,31.854166666666668,0.17691666666666664,9.075000000000001,5.2875000000000005,72.91666666666667,92.5430972818312
2024-06-21,138.07916666666668,27.979166666666668,0.168625,8.908333333333333,6.366666666666667,66.54166666666667,84.39395565092991
2024-06-22,182.9625,33.949999999999996,0.215375,12.216666666666667,10.508333333333333,78.75,96.95064377682402
2024-06-23,135.88750000000002,26.358333333333334,0.196875,10.945833333333333,6.5249999999999995,61.625,80.98533619456367
2024-06-24,124.0,27.833333333333332,0.19005824999999998,10.770833333333334,6.254166666666666,65.04166666666667,84.08726752503577
2024-06-25,114.09166666666665,27.3125,0.19362500000000002,11.916666666666666,7.620833333333334,73.33333333333333,82.99195278969958
2024-06-26,115.85000000000001,25.09166666666667,0.20658333333333334,12.745833333333332,8.483333333333333,76.20833333333333,78.32153075822605
2024-06-27,122.00416666666666,25.575,0.20962499999999998,12.166666666666666,7.466666666666666,67.125,79.33798283261802
2024-06-28,60.916666666666664,22.833333333333332,0.2439583333333333,13.929166666666667,14.5625,73.41666666666667,73.5722460658083
2024-06-29,29.78333333333333,15.012500000000001,0.19904166666666667,9.033333333333333,12.325000000000001,77.0,57.125
2024-06-30,32.56666666666667,16.154166666666665,0.21358333333333332,11.9125,10.395833333333334,66.25,59.52592989985693
2024-07-01,98.98333333333333,26.566666666666666,0.16258333333333333,6.754166666666666,5.25,69.91666666666667,81.42346208869814
2024-07-02,96.68333333333334,26.754166666666666,0.16483333333333333,7.216666666666666,5.5249999999999995,66.375,81.81777539341917
2024-07-03,93.1875,21.587500000000002,0.15129166666666669,6.7250000000000005,5.3500000000000005,57.125,70.95225321888412
2024-07-04,105.23333333333333,23.620833333333334,0.15358333333333332,7.0874999999999995,6.045833333333333,57.625,75.22836194563664
2024-07-05,103.14166666666667,25.554166666666664,0.14658333333333332,6.754166666666666,5.779166666666666,63.625,79.29417024320458
2024-07-06,111.0125,31.420833333333334,0.15054166666666666,6.6375,4.929166666666666,76.875,91.63179542203147
2024-07-07,126.05833333333334,32.37083333333333,0.175625,8.8375,6.258333333333333,73.375,93.62964949928468
2024-07-08,182.98333333333335,41.84583333333333,0.23670833333333333,13.341666666666667,15.729166666666666,86.66666666666667,116.625418760469
2024-07-09,116.64166666666667,37.1875,0.3002916666666667,18.841666666666665,15.454166666666666,90.375,105.15515075376885
2024-07-10,102.82916666666667,30.28333333333333,0.22716666666666666,13.229166666666666,6.729166666666667,64.625,89.23962804005723
2024-07-11,72.68333333333334,24.733333333333334,0.16976658333333336,7.991666666666667,4.104166666666667,53.541666666666664,77.56795422031475
2024-07-12,68.93333333333334,26.25,0.15483333333333335,7.095833333333334,3.3125,48.0,80.75751072961374
2024-07-13,77.6125,26.712500000000002,0.184625,9.8375,4.054166666666666,47.666666666666664,81.73015021459229
2024-07-14,90.84583333333335,24.59583333333333,0.196875,11.725,5.170833333333333,44.166666666666664,77.27879113018598
2024-07-15,162.63333333333333,32.824999999999996,0.23554166666666668,15.166666666666666,8.950000000000001,64.08333333333333,94.58476394849785
2024-07-16,129.74583333333334,29.891666666666666,0.23454166666666665,15.025,7.8500000000000005,70.125,88.4159513590844
2024-07-17,109.77916666666665,30.166666666666668,0.23358333333333334,13.9,9.741666666666667,77.25,88.99427753934194
2024-07-18,100.18333333333334,31.425,0.18829166666666666,8.629166666666666,6.491666666666667,73.75,91.64055793991417
2024-07-19,94.75833333333333,32.71666666666667,0.24108333333333332,13.779166666666667,6.783333333333334,71.70833333333333,94.35693848354794
2024-07-20,112.79583333333333,35.72083333333333,0.26095833333333335,14.766666666666667,10.779166666666667,86.125,101.54376046901172
2024-07-21,72.72916666666667,35.074999999999996,0.3505833333333333,18.150000000000002,17.391666666666666,110.375,99.31652360515021
2024-07-22,64.55,23.8625,0.20654166666666665,8.637500000000001,6.1875,72.58333333333333,75.73658798283262
2024-07-23,97.03750000000001,27.258333333333336,0.18908333333333335,8.700000000000001,4.920833333333333,60.75,82.87804005722462
2024-07-24,133.0,30.791666666666668,0.17716666666666667,8.033333333333333,5.020833333333333,56.5,90.30865522174537
2024-07-25,155.02083333333334,35.916666666666664,0.17837499999999998,8.766666666666667,5.6375,56.5,102.02596314907872
2024-07-26,133.27916666666667,31.75,0.17233333333333334,8.020833333333334,5.3374999999999995,62.5,92.32403433476395
2024-07-27,157.07083333333333,34.59166666666667,0.17320833333333333,8.316666666666666,5.575,62.333333333333336,98.30007153075823
2024-07-28,178.11249999999998,38.05416666666667,0.22254166666666667,13.308333333333332,10.775,63.333333333333336,107.2891541038526
2024-07-29,158.39583333333334,35.40833333333333,0.2305,13.65,14.120833333333332,64.5,
2024-07-30,80.16666666666667,27.633333333333336,0.2860833333333333,19.3625,9.958333333333334,59.458333333333336,83.66666666666669
2024-07-31,37.1,17.275000000000002,0.23816666666666667,13.762500000000001,7.533333333333334,64.04166666666667,61.88304721030043
2024-08-01,62.025,23.3625,0.18679166666666666,8.995833333333334,4.004166666666666,57.0,74.68508583690988
2024-08-02,95.90416666666665,26.991666666666664,0.19208333333333336,11.258333333333333,4.4125000000000005,42.958333333333336,82.31723891273248
2024-08-03,118.17916666666667,32.40416666666667,0.2505833333333333,17.520833333333332,5.845833333333334,40.625,93.69974964234622
2024-08-04,144.8125,34.59166666666667,0.23720833333333333,14.741666666666667,5.741666666666667,49.166666666666664,98.30007153075823
2024-08-05,102.12916666666666,26.275000000000002,0.21920833333333334,13.3125,6.933333333333334,49.416666666666664,80.81008583690988
2024-08-06,83.5,22.287499999999998,0.18841666666666668,10.670833333333334,4.966666666666667,46.625,72.42435622317596
2024-08-07,73.64166666666667,20.724999999999998,0.17137499999999997,7.779166666666666,3.858333333333333,49.625,69.13841201716738
2024-08-08,66.78750000000001,19.766666666666666,0.19058333333333333,8.904166666666667,4.5375000000000005,51.5,67.12303290414879
2024-08-09,60.19166666666667,17.029166666666665,0.17616666666666667,7.5249999999999995,4.204166666666667,49.625,61.36605865522174
2024-08-10,56.98333333333333,16.154166666666665,0.15345833333333334,6.4750000000000005,3.5666666666666664,47.916666666666664,59.52592989985693
2024-08-11,56.708333333333336,16.379166666666666,0.15987500000000002,7.191666666666666,3.545833333333333,43.541666666666664,59.999105865522175
2024-08-12,84.675,18.7625,0.18779166666666666,10.424999999999999,4.875,40.0,65.0112660944206
2024-08-13,96.7375,16.891666666666666,0.18520833333333334,9.4375,5.5625,46.041666666666664,61.07689556509299
2024-08-14,110.72083333333335,18.645833333333332,0.171875,7.55,4.791666666666667,46.208333333333336,64.7659155937053
2024-08-15,79.63333333333334,19.25,0.17125,7.504166666666666,4.720833333333333,44.5,66.03648068669528
2024-08-16,64.78750000000001,19.183333333333334,0.17308333333333334,8.520833333333334,4.808333333333334,40.166666666666664,65.89628040057225
2024-08-17,80.35416666666667,21.3875,0.19391666666666665,11.370833333333332,5.5,37.375,70.53165236051503
2024-08-18,70.08333333333333,19.883333333333333,0.21183333333333335,13.333333333333334,5.933333333333334,35.0,67.36838340486409
2024-08-19,52.06666666666666,17.641666666666666,0.20962499999999998,10.529166666666667,5.304166666666666,43.958333333333336,62.65414878397711
2024-08-20,40.875,15.954166666666667,0.18537499999999998,8.145833333333334,4.345833333333333,44.25,59.10532904148784
2024-08-21,50.25,17.779166666666665,0.1745,7.3625,4.2124999999999995,47.958333333333336,62.943311874105866
2024-08-22,59.89166666666667,18.2375,0.17783333333333332,7.641666666666667,4.4624999999999995,51.125,63.90718884120172
2024-08-23,64.80416666666666,17.991666666666667,0.17516666666666666,7.291666666666667,4.241666666666666,52.416666666666664,63.39020028612303
2024-08-24,86.35000000000001,22.55,0.17508333333333334,6.920833333333333,4.279166666666667,54.541666666666664,72.97639484978541
2024-08-25,76.36666666666666,23.045833333333334,0.16616666666666666,6.495833333333334,4.0375000000000005,55.666666666666664,74.01913447782547
2024-08-26,69.93333333333334,20.599999999999998,0.20666666666666667,11.783333333333333,5.945833333333333,58.666666666666664,68.87553648068669
2024-08-27,42.579166666666666,20.020833333333332,0.301875,12.833333333333334,8.325000000000001,95.25,67.65754649499284
2024-08-28,16.608333333333334,11.275,0.3715833333333333,18.483333333333334,8.945833333333333,76.75,46.97916666666667
2024-08-29,29.429166666666664,15.791666666666666,0.3354166666666667,18.5125,8.733333333333333,78.5,58.763590844062946
2024-08-30,22.25,13.795833333333334,0.190375,7.870833333333334,6.5874999999999995,65.33333333333333,54.56634477825465
2024-08-31,35.645833333333336,11.645833333333334,0.1885416666666667,11.049999999999999,7.645833333333333,36.083333333333336,48.524305555555564
2024-09-01,43.8375,14.700000000000001,0.28825,18.329166666666666,10.775,32.375,56.467811158798284
2024-09-02,48.34583333333333,15.304166666666667,0.31145833333333334,22.366666666666664,9.929166666666667,41.291666666666664,57.738376251788274
2024-09-03,67.37916666666666,17.120833333333334,0.2685,19.070833333333333,8.637500000000001,47.958333333333336,61.55883404864092
2024-09-04,58.57916666666667,18.416666666666668,0.223625,15.041666666666666,5.645833333333333,38.708333333333336,64.28397711015737
2024-09-05,41.612500000000004,17.358333333333334,0.190125,10.295833333333333,4.083333333333333,47.208333333333336,62.05829756795423
2024-09-06,51.112500000000004,18.908333333333335,0.22295833333333334,13.745833333333332,4.916666666666667,43.416666666666664,65.31795422031475
2024-09-07,49.82083333333333,16.962500000000002,0.23354166666666665,14.891666666666666,5.508333333333333,43.875,61.22585836909872
2024-09-08,45.862500000000004,14.308333333333332,0.21737499999999998,13.3375,5.495833333333334,49.291666666666664,55.64413447782546
2024-09-09,72.64583333333333,18.6625,0.20145833333333332,11.779166666666667,4.779166666666667,52.958333333333336,64.80096566523606
2024-09-10,100.31666666666666,27.3125,0.25425000000000003,16.3875,5.675,51.208333333333336,82.99195278969958
2024-09-11,170.36249999999998,37.583333333333336,0.24158333333333334,13.891666666666666,6.729166666666667,66.20833333333333,106.12981574539364
2024-09-12,161.40833333333333,33.80833333333333,0.19683333333333333,9.4125,4.908333333333333,64.66666666666667,96.65271816881258
2024-09-13,83.3125,22.958333333333332,0.16133333333333333,7.4750000000000005,3.591666666666667,57.625,73.83512160228898
2024-09-14,69.9375,22.770833333333332,0.1758333333333333,7.9750000000000005,3.766666666666666,58.208333333333336,73.44080829756795
2024-09-15,52.01666666666667,21.875,0.18566666666666667,9.133333333333333,4.279166666666667,56.791666666666664,71.5568669527897
2024-09-16,49.9,20.787499999999998,0.17975,8.775,4.325,54.541666666666664,69.26984978540773
2024-09-17,52.5,17.583333333333332,0.191375,10.133333333333333,4.808333333333334,53.0,62.531473533619454
2024-09-18,46.208333333333336,15.575000000000001,0.20954166666666665,11.845833333333333,5.820833333333333,58.791666666666664,58.30793991416309
2024-09-19,57.708333333333336,16.933333333333334,0.21795833333333334,13.695833333333333,7.2875000000000005,62.083333333333336,61.16452074391989
2024-09-20,54.104166666666664,17.104166666666668,0.21545833333333334,11.479166666666666,5.9624999999999995,61.625,61.52378397711016
2024-09-21,65.71249999999999,21.175,0.196125,9.004166666666666,5.104166666666667,60.041666666666664,70.08476394849785
2024-09-22,69.4875,21.875,0.19716666666666668,8.862499999999999,4.958333333333333,61.083333333333336,71.5568669527897
2024-09-23,60.70416666666667,20.291666666666668,0.19558333333333333,8.525,4.829166666666667,61.083333333333336,68.22711015736768
2024-09-24,53.56666666666666,19.383333333333333,0.19216666666666668,9.362499999999999,5.183333333333334,59.166666666666664,66.31688125894135
2024-09-25,43.73333333333333,18.704166666666666,0.19420833333333332,10.6875,5.595833333333334,56.166666666666664,64.88859084406295
2024-09-26,47.38333333333333,18.025000000000002,0.19504166666666667,10.3125,5.1125,55.416666666666664,63.46030042918456
2024-09-27,50.699999999999996,18.429166666666667,0.17937499999999998,8.237499999999999,4.391666666666667,53.125,64.31026466380544
2024-09-28,49.85,17.120833333333334,0.18416666666666667,9.008333333333333,4.504166666666667,52.375,61.55883404864092
2024-09-29,62.8125,16.670833333333334,0.175125,9.695833333333333,5.075,52.541666666666664,60.61248211731045
2024-09-30,31.870833333333334,13.079166666666666,0.18258333333333332,10.258333333333333,5.020833333333333,49.041666666666664,53.059191702432045
2024-10-01,25.03333333333333,11.729166666666666,0.20325000000000001,10.216666666666667,4.616666666666666,47.625,48.87152777777778
2024-10-02,31.2375,13.620833333333332,0.19858333333333333,9.404166666666667,4.495833333333334,51.916666666666664,54.19831902718168
2024-10-03,31.087500000000002,13.6875,0.19008333333333335,7.391666666666667,3.829166666666667,52.208333333333336,54.33851931330472
2024-10-04,36.416666666666664,15.816666666666668,0.17941666666666667,7.879166666666666,3.8625000000000003,49.875,58.81616595135909
2024-10-05,39.65416666666667,15.4125,0.181875,9.4125,4.508333333333334,49.875,57.9662017167382
2024-10-06,47.36666666666667,17.066666666666666,0.23379166666666665,14.041666666666666,7.333333333333333,51.791666666666664,61.44492131616595
2024-10-07,46.94166666666666,19.670833333333334,0.26595833333333335,15.495833333333332,12.2125,78.83333333333333,66.92149499284693
2024-10-08,44.729166666666664,23.537499999999998,0.348875,20.833333333333332,11.987499999999999,86.70833333333333,75.05311158798284
2024-10-09,48.05833333333334,27.400000000000002,0.3657916666666667,21.5125,7.8999999999999995,75.79166666666667,83.17596566523606
2024-10-10,48.387499999999996,26.287499999999998,0.5034583333333333,33.81666666666667,10.512500000000001,67.33333333333333,80.83637339055794
2024-10-11,64.875,31.454166666666666,0.41475,19.004166666666666,12.554166666666667,96.58333333333333,91.701895565093
2024-10-12,78.29583333333333,41.74166666666667,0.5311666666666667,28.520833333333332,17.979166666666668,105.75,116.36892797319933
2024-10-13,38.166666666666664,24.233333333333334,0.35766666666666663,19.354166666666668,14.995833333333332,82.95833333333333,76.51645207439199
2024-10-14,39.43333333333333,25.379166666666666,0.35429166666666667,17.4875,17.704166666666666,89.875,78.92614449213161
2024-10-15,39.229166666666664,24.766666666666666,0.34920833333333334,16.608333333333334,12.254166666666668,114.375,77.63805436337626
2024-10-16,33.637499999999996,20.708333333333332,0.2987083333333333,13.654166666666667,7.970833333333334,94.08333333333333,69.10336194563662
2024-10-17,35.8125,20.8625,0.32845833333333335,18.3,6.816666666666666,68.0,69.42757510729615
2024-10-18,36.30833333333333,22.849999999999998,0.40829166666666666,22.633333333333336,13.975,80.375,73.60729613733906
2024-10-19,42.34166666666667,25.962500000000002,0.37866666666666665,19.8125,11.512500000000001,95.20833333333333,80.15289699570816
2024-10-20,37.22083333333333,21.96666666666667,0.38729166666666665,21.095833333333335,8.816666666666666,84.95833333333333,71.74964234620887
2024-10-21,35.641666666666666,19.745833333333334,0.3225,15.862499999999999,8.5,85.29166666666667,67.07922031473534
2024-10-22,54.65416666666667,30.412499999999998,0.36674999999999996,18.333333333333332,8.816666666666666,89.08333333333333,89.5112660944206
2024-10-23,54.7875,31.195833333333336,0.43416666666666665,25.291666666666668,9.845833333333333,80.58333333333333,91.15861945636625
2024-10-24,43.800000000000004,22.570833333333336,0.4915416666666666,26.670833333333334,11.095833333333333,84.91666666666667,73.02020743919887
2024-10-25,33.862500000000004,14.637500000000001,0.3486666666666667,20.4375,7.133333333333333,75.16666666666667,56.336373390557945
2024-10-26,49.6,16.920833333333334,0.4150416666666667,19.641666666666666,6.066666666666666,70.95833333333333,61.13823319027182
2024-10-27,85.79166666666667,30.008333333333336,0.7785916249999999,26.724999999999998,9.35,70.33333333333333,88.66130185979972
2024-10-28,76.95416666666667,31.795833333333334,0.6230833333333333,21.029166666666665,6.675,67.08333333333333,92.42042203147354
2024-10-29,127.86666666666667,42.175,0.5847083333333333,19.191666666666666,6.05,71.0,117.4359296482412
2024-10-30,133.13333333333333,37.80416666666667,0.470375,22.620833333333334,6.7625,65.125,106.67357621440536
2024-10-31,101.3625,37.96666666666667,0.5102083333333333,26.625,10.15,72.16666666666667,107.07370184254607
2024-11-01,60.92916666666667,27.2375,0.44366666666666665,21.433333333333334,7.629166666666666,69.33333333333333,82.83422746781116
2024-11-02,54.93333333333334,25.558333333333334,0.616125,26.09166666666667,6.579166666666667,58.458333333333336,79.30293276108728
2024-11-03,58.19166666666666,27.504166666666666,0.7494999999999999,32.425000000000004,9.950000000000001,56.0,83.39502861230329
2024-11-04,48.85,25.349999999999998,0.679375,26.474999999999998,10.6625,74.45833333333333,78.86480686695279
2024-11-05,48.49166666666667,28.291666666666668,0.5806250000000001,30.333333333333332,9.679166666666667,73.20833333333333,85.05114449213163
2024-11-06,43.03333333333333,25.891666666666666,0.6166666666666667,26.320833333333336,8.5,77.33333333333333,80.00393419170243
2024-11-07,45.67083333333333,25.3875,0.5664166666666667,22.733333333333334,6.629166666666666,69.79166666666667,78.943669527897
2024-11-08,40.895833333333336,20.275000000000002,0.8069166666666666,22.554166666666664,7.395833333333333,66.375,68.19206008583691
2024-11-09,42.77916666666667,21.270833333333332,0.6373333333333334,24.545833333333334,7.491666666666667,65.0,70.28630185979972
2024-11-10,41.050000000000004,21.162499999999998,0.568375,26.462500000000002,6.791666666666667,55.166666666666664,70.05847639484978
2024-11-11,49.93333333333334,23.458333333333332,0.7812582916666667,25.833333333333332,7.0625,56.166666666666664,74.88662374821173
2024-11-12,65.125,34.65,0.963341625,39.65,15.629166666666668,44.291666666666664,98.42274678111588
2024-11-13,51.78333333333333,39.637499999999996,0.8292916666666666,42.175000000000004,26.0625,57.666666666666664,111.18781407035175
2024-11-14,43.708333333333336,37.2125,0.7522083333333334,32.291666666666664,20.7375,71.83333333333333,105.21670854271356
2024-11-15,42.63333333333333,39.574999999999996,0.65825,26.916666666666668,20.791666666666668,97.66666666666667,111.03391959798994
2024-11-16,37.90416666666667,32.15833333333333,0.9332083333333333,32.675000000000004,20.366666666666667,77.0,93.18276108726752
2024-11-17,41.05416666666667,31.258333333333336,0.8875000000000001,33.824999999999996,20.45,64.625,91.2900572246066
2024-11-18,54.30416666666667,45.7875,1.0357083333333332,46.34583333333333,23.53333333333333,62.458333333333336,126.33103015075378
2024-11-19,43.40416666666667,37.50416666666667,0.8057916666666666,32.49583333333333,19.366666666666667,72.08333333333333,105.93488274706868
2024-11-20,34.637499999999996,30.566666666666666,0.8513333333333333,33.916666666666664,18.533333333333335,63.625,89.83547925608013
2024-11-21,32.59166666666667,29.129166666666666,1.0729583333333335,29.679166666666664,20.454166666666666,68.66666666666667,86.81241058655223
2024-11-22,25.608333333333334,22.704166666666666,0.9115499583333334,26.275000000000002,18.570833333333333,76.45833333333333,73.30060801144492
2024-11-23,26.458333333333332,22.491666666666664,1.1015833333333334,28.233333333333334,16.7375,65.125,72.85371959942775
2024-11-24,36.699999999999996,31.920833333333334,0.9071666666666666,41.12083333333333,25.02916666666667,65.66666666666667,92.68329756795423
2024-11-25,50.70416666666667,44.47083333333333,1.0766666666666667,56.026991666667094,29.170833333333334,66.04166666666667,123.08898659966499
2024-11-26,45.262499999999996,37.49583333333333,0.9318333333333334,45.0875,27.553358333333364,62.625,105.91436348408709
2024-11-27,39.770833333333336,30.412499999999998,1.5689249583333333,43.412499999999994,21.645833333333332,49.708333333333336,89.5112660944206
2024-11-28,37.954166666666666,31.962500000000002,1.099,39.25,27.229166666666668,55.541666666666664,92.77092274678114
2024-11-29,33.762499999999996,27.320833333333336,0.7305,34.425000000000004,23.579166666666666,60.791666666666664,83.00947782546496
2024-11-30,43.666666666666664,40.90833333333333,0.8489583333333334,31.3,17.433333333333334,76.33333333333333,114.31700167504187
2024-12-01,51.112500000000004,48.65,1.1253333333333333,41.94166666666667,23.7625,74.0,133.37939698492463
2024-12-02,44.775,41.979166666666664,0.8914583333333334,30.65833333333333,17.287499999999998,81.875,116.9537269681742
2024-12-03,49.949999999999996,45.89166666666667,0.6010416666666667,13.625,18.095833333333335,99.91666666666667,126.58752093802346
2024-12-04,55.324999999999996,48.37083333333334,0.7454166666666667,18.020833333333332,17.120833333333334,86.66666666666667,132.6920016750419
2024-12-05,61.23333333333333,48.25833333333333,1.3570416666666667,33.895833333333336,23.666666666666668,69.70833333333333,132.41499162479062
2024-12-06,48.5,33.03333333333333,0.9429583333333333,40.699999999999996,28.287499999999998,58.0,95.02288984263234
2024-12-07,39.0625,36.09166666666667,0.7370833333333334,48.487500000000004,30.6375,56.5,102.4568676716918
2024-12-08,37.09583333333333,25.770833333333332,0.44883333333333336,36.733333333333334,17.258333333333333,53.916666666666664,79.74982117310444
2024-12-09,34.56666666666667,23.995833333333334,1.0849166666666668,28.05,13.129166666666668,61.041666666666664,76.01698855507868
2024-12-10,34.770833333333336,32.824999999999996,1.1033333333333333,35.300000000000004,17.8,59.541666666666664,94.58476394849785
2024-12-11,45.52916666666667,40.458333333333336,0.9632083333333333,45.125,26.766666666666666,58.958333333333336,113.20896147403685
2024-12-12,27.583333333333332,22.670833333333334,0.61025,23.4375,13.208333333333334,70.95833333333333,73.23050786838341
2024-12-13,24.0125,21.400000000000002,0.5593333333333333,13.7125,15.408333333333333,85.25,70.5579399141631
2024-12-14,27.808333333333334,26.820833333333336,0.7128333333333333,16.429166666666667,17.341666666666665,91.45833333333333,81.95797567954222
2024-12-15,26.130825,25.47083333333333,0.9683333333333333,37.2125,21.508333333333336,70.33333333333333,79.11891988555078
2024-12-16,32.09166666666667,31.516666666666666,1.1391666666666667,36.92916666666667,23.8875,65.66666666666667,91.83333333333334
2024-12-17,57.31666666666666,36.7875,0.695375,21.650000000000002,18.866666666666667,77.33333333333333,104.17022613065328
2024-12-18,42.125,38.699999999999996,0.8251666666666667,22.287499999999998,21.141666666666666,89.41666666666667,108.87939698492461
2024-12-19,41.520833333333336,37.083333333333336,0.919375,28.02916666666667,22.175,83.54166666666667,104.89865996649917
2024-12-20,33.670833333333334,30.445833333333336,0.7364166666666666,19.2375,20.8125,83.95833333333333,89.58136623748214
2024-12-21,45.09166666666667,43.45416666666667,0.8066666666666666,18.508333333333333,23.7375,106.375,120.58563651591291
2024-12-22,57.25,47.9375,1.2842083333333334,35.104166666666664,23.587500000000002,71.0,131.625
2024-12-23,72.41250000000001,61.28333333333333,0.9822500000000001,36.0,27.662499999999998,75.95833333333333,153.98612574639972
2024-12-24,68.48333333333333,67.44166666666666,0.8899583333333334,15.766666666666666,21.379166666666666,105.625,157.16587636108184
2024-12-25,69.19583333333334,68.1125,0.8645416666666667,14.75,24.6125,114.95833333333333,157.5122497365648
2024-12-26,56.00833333333333,54.270833333333336,0.8257083333333334,18.020833333333332,23.0125,100.5,147.21963986599667
2024-12-27,39.6625,38.50833333333333,1.4075416666666667,32.895833333333336,21.133333333333333,75.33333333333333,108.4074539363484
2024-12-28,28.104166666666668,24.9375,0.9505833333333333,37.358333333333334,22.133333333333336,60.833333333333336,77.99731759656653
2024-12-29,30.90416666666667,28.891666666666666,0.8704166666666667,23.900000000000002,16.254166666666666,83.08333333333333,86.31294706723892
2024-12-30,43.050000000000004,42.32083333333333,1.3462083333333332,34.24583333333333,20.166666666666668,77.95833333333333,117.79501675041877
2024-12-31,36.50416666666667,35.46666666666667,1.3214166666666667,26.175,18.125,78.45833333333333,
2025-01-01,46.00833333333333,42.3375,0.9575,20.283333333333335,18.666666666666668,92.125,117.83605527638191
2025-01-02,58.29583333333333,54.145833333333336,1.5359166666666668,40.12916666666667,23.895833333333332,81.625,146.91185092127304
2025-01-03,77.62916666666666,70.2625,1.3030416666666667,38.67916666666667,32.70087083333338,97.375,158.6223656480506
2025-01-04,59.7125,39.4125,0.5609166666666666,31.745833333333334,21.787499999999998,63.583333333333336,110.63379396984925
2025-01-05,54.887499999999996,42.362500000000004,0.9547500000000001,41.762499999999996,26.55,65.625,117.89761306532665
2025-01-06,29.95,26.554166666666664,1.0307916666666668,35.02916666666667,19.729166666666668,62.791666666666664,81.39717453505007
2025-01-07,24.679166666666664,24.03333333333333,1.0537916666666667,35.079166666666666,17.516666666666666,69.91666666666667,76.0958512160229
2025-01-08,29.108333333333334,28.633333333333336,1.1563333333333332,36.59583333333333,30.707525000000032,76.16666666666667,85.76967095851218
2025-01-09,36.983333333333334,36.483333333333334,1.5214999999999999,51.94166666666666,24.650000000000002,65.58333333333333,103.42127303182579
2025-01-10,46.9125,46.229166666666664,0.9991249999999999,46.833333333333336,24.59583333333333,67.875,127.41855108877722
2025-01-11,45.03333333333333,44.69166666666666,1.1639583333333332,46.24583333333334,28.72083333333333,69.66666666666667,123.63274706867671
2025-01-12,43.56666666666666,43.375,1.0057916666666666,23.620833333333334,22.454166666666666,104.08333333333333,120.39070351758794
2025-01-13,54.36666666666667,53.458333333333336,0.902625,14.316666666666665,14.741666666666667,99.375,145.21901172529314
2025-01-14,58.4625,56.43333333333334,0.98075,35.99583333333333,19.729166666666668,79.75,151.48191078328065
2025-01-15,63.824999999999996,57.42083333333333,1.0927916666666666,39.42916666666667,22.629166666666666,73.45833333333333,151.99178960309098
2025-01-16,74.00416666666666,65.00416666666666,1.369625,45.06666666666666,34.2125,82.625,155.9073147172462
2025-01-17,42.19166666666667,37.233333333333334,0.65525,15.220833333333333,15.995833333333332,97.95833333333333,105.2680067001675
2025-01-18,45.14166666666667,43.449999999999996,0.8422499999999999,20.183333333333334,17.400000000000002,101.5,120.5753768844221
2025-01-19,50.020833333333336,48.84583333333333,1.0056666666666667,26.025000000000002,19.483333333333334,96.83333333333333,133.86159966499162
2025-01-20,56.10833333333333,54.70416666666667,1.4860833333333332,33.40416666666667,24.866666666666664,93.45833333333333,148.28664154103853
2025-01-21,51.43333333333334,46.625,1.0049583333333334,24.80416666666667,23.21666666666667,103.83333333333333,128.393216080402
2025-01-22,44.25833333333333,34.449999999999996,0.7375833333333333,36.0,19.533333333333335,68.5,98.00214592274678
2025-01-23,29.133333333333336,23.041666666666668,0.60525,20.3625,12.383333333333333,82.375,74.01037195994277
2025-01-24,20.754166666666666,17.695833333333333,0.664375,18.150000000000002,12.3375,88.125,62.76806151645208
2025-01-25,29.270833333333332,26.054166666666664,1.2671666666666666,39.00416666666667,18.233333333333334,69.20833333333333,80.34567238912732
2025-01-26,42.74166666666667,36.5875,0.9241666666666667,48.737500000000004,29.2375,58.416666666666664,103.67776381909547
2025-01-27,43.18333333333334,37.9125,0.983,45.15833333333333,27.245833333333334,53.083333333333336,106.94032663316584
2025-01-28,30.337500000000002,26.625,0.7139166666666666,35.604166666666664,23.724999999999998,60.625,81.5461373390558
2025-01-29,49.86666666666667,23.7,0.5334583333333334,22.066666666666666,12.525,73.83333333333333,75.39484978540773
2025-01-30,81.35000000000001,35.425000000000004,0.5745,20.979166666666668,14.450000000000001,79.95833333333333,
2025-01-31,108.21249999999999,36.6875,0.4742916666666666,21.445833333333336,15.420833333333334,70.45833333333333,103.92399497487438
2025-02-01,69.8625,38.854166666666664,0.6729166666666666,40.833333333333336,18.204166666666666,61.416666666666664,109.25900335008374
2025-02-02,30.09583333333333,23.891666666666666,0.66825,16.629166666666666,13.370833333333332,93.16666666666667,75.79792560801144
2025-02-03,37.75416666666667,27.241666666666664,0.6353333333333333,15.825000000000001,16.8125,103.91666666666667,82.84298998569385
2025-02-04,33.92916666666667,17.195833333333333,0.47333333333333333,16.75,10.612499999999999,91.16666666666667,61.716559370529325
2025-02-05,39.208333333333336,26.308333333333334,0.7946666666666666,39.25,18.620833333333334,60.916666666666664,80.8801859799714
2025-02-06,26.675,19.833333333333332,0.6908333333333333,23.366666666666664,12.858333333333334,77.08333333333333,67.26323319027182
2025-02-07,27.058333333333334,19.849999999999998,0.585125,21.804166666666664,12.545833333333334,81.66666666666667,67.29828326180257
2025-02-08,39.958333333333336,32.387499999999996,0.86075,32.30416666666667,20.308333333333334,82.41666666666667,93.66469957081544
2025-02-09,36.583333333333336,34.32083333333333,0.7886666666666667,33.145833333333336,22.758333333333336,83.45833333333333,97.7305078683834
2025-02-10,27.729166666666668,24.1375,0.54475,21.10833333333333,15.304166666666667,89.625,76.31491416309014
2025-02-11,94.17916666666667,34.11666666666667,0.46937500000000004,21.495833333333334,13.129166666666668,70.95833333333333,97.30114449213161
2025-02-12,113.625,55.520833333333336,0.9600416666666667,42.90416666666667,24.895833333333332,65.83333333333333,151.0107569371268
2025-02-13,78.64999999999999,42.5375,0.8428333333333334,31.72083333333333,25.963370833333382,79.125,118.3285175879397
2025-02-14,54.2125,25.583333333333332,0.4134583333333333,20.195833333333333,11.862499999999999,76.25,79.35550786838341
2025-02-15,65.56666666666666,29.333333333333332,0.38133333333333336,17.349999999999998,11.1875,80.20833333333333,87.24177396280402
2025-02-16,56.324999999999996,23.775000000000002,0.429375,17.108333333333334,10.470833333333333,78.75,75.55257510729615
2025-02-17,60.4625,30.425,0.9038750000000001,33.49583333333333,18.779166666666665,78.45833333333333,89.53755364806868
2025-02-18,39.1,17.9875,0.45695833333333336,18.875,11.108333333333334,71.70833333333333,63.381437768240346
2025-02-19,54.62083333333334,20.245833333333334,0.33479166666666665,12.629166666666668,9.125,82.5,68.13072246065809
2025-02-20,137.87916666666666,40.954166666666666,0.6997916666666667,27.7625,18.016666666666666,79.875,114.42985762144053
2025-02-21,120.97500000000001,51.70416666666667,1.1409583333333333,44.041666666666664,28.803358333333364,44.791666666666664,140.8997068676717
2025-02-22,49.10833333333333,33.670833333333334,0.805625,29.22083333333333,22.84583333333333,96.91666666666667,96.36355507868385
2025-02-23,33.87083333333333,25.34166666666667,0.647375,34.420833333333334,20.020833333333332,65.45833333333333,78.84728183118742
2025-02-24,55.583333333333336,25.0625,0.65525,35.1875,25.587500000000002,56.541666666666664,78.26019313304721
2025-02-25,78.12916666666666,32.81666666666667,0.8130000000000001,47.45416666666667,31.896704166666712,41.208333333333336,94.56723891273248
2025-02-26,45.09583333333333,19.45,0.546375,32.62083333333333,20.191666666666666,44.75,66.45708154506438
2025-02-27,34.050000000000004,18.179166666666667,0.34954166666666664,19.4125,14.204166666666666,62.5,63.784513590844064
2025-02-28,58.0875,28.379166666666666,0.29554166666666665,11.6,10.270833333333334,94.29166666666667,85.23515736766811
2025-03-01,54.1625,29.233333333333334,0.48625,22.145833333333332,15.0,90.45833333333333,87.03147353361946
2025-03-02,41.22083333333333,25.383333333333336,0.56975,19.587500000000002,16.220833333333335,95.91666666666667,78.93490701001431
2025-03-03,94.78750000000001,34.47083333333333,0.366625,15.120833333333335,11.85,82.16666666666667,98.04595851216023
2025-03-04,88.8875,31.575,0.620875,26.733333333333334,13.579166666666666,80.375,91.95600858369099
2025-03-05,33.208333333333336,20.775000000000002,0.5857916666666667,24.21666666666667,16.295833333333334,91.79166666666667,69.24356223175967
2025-03-06,32.387499999999996,19.25,0.5449166666666666,23.650000000000002,16.25,88.45833333333333,66.03648068669528
2025-03-07,51.69583333333333,24.287499999999998,0.7411249999999999,25.587500000000002,16.2,87.0,76.63036480686695
2025-03-08,67.60833333333333,22.03333333333333,0.5215416666666667,21.304166666666667,12.2125,71.41666666666667,71.8898426323319
2025-03-09,61.637499999999996,28.974999999999998,0.636625,30.6875,18.945833333333333,83.16666666666667,86.48819742489272
2025-03-10,41.06666666666667,25.645833333333332,0.7087916666666666,38.94583333333333,18.266666666666666,55.208333333333336,79.48694563662374
2025-03-11,30.175,20.9375,0.661875,31.879166666666666,16.708333333333332,64.45833333333333,69.58530042918456
2025-03-12,25.016666666666666,16.691666666666666,0.5014166666666666,21.504166666666666,13.033333333333333,69.66666666666667,60.65629470672389
2025-03-13,32.15416666666667,16.045833333333334,0.403125,15.4,10.395833333333334,86.04166666666667,59.29810443490702
2025-03-14,75.4375,27.291666666666668,0.3425,13.029166666666667,10.295833333333333,89.0,82.94814020028613
2025-03-15,63.78333333333333,28.129166666666666,0.4486666666666667,17.349999999999998,15.254166666666668,105.29166666666667,84.70940629470672
2025-03-16,66.59166666666667,30.895833333333332,0.5265833333333333,32.354166666666664,17.3875,83.625,90.5277181688126
2025-03-17,55.93333333333334,23.9875,0.5672083333333333,25.508333333333336,16.629166666666666,79.95833333333333,75.99946351931331
2025-03-18,31.229166666666668,15.225,0.6834166666666667,21.4375,13.737499999999999,82.75,57.57188841201717
2025-03-19,27.325,14.670833333333334,0.4355,17.558333333333334,11.570833333333333,79.375,56.40647353361946
2025-03-20,28.983333333333334,16.395833333333332,0.4189583333333333,17.4375,14.049999999999999,88.04166666666667,60.03415593705293
2025-03-21,36.78333333333333,18.6375,0.5402083333333333,17.395833333333332,13.495833333333332,95.54166666666667,64.74839055793991
2025-03-22,38.7125,19.6875,0.5107083333333333,20.516666666666666,13.016666666666666,86.95833333333333,66.95654506437768
2025-03-23,17.526658333333334,13.2125,0.45208333333333334,22.858333333333334,13.866666666666667,84.70833333333333,53.33959227467811
2025-03-24,12.7733,10.379166666666666,0.39441666666666664,19.979166666666668,12.204166666666666,83.95833333333333,43.24652777777778
2025-03-25,22.2,15.012500000000001,0.3389583333333333,16.533333333333335,12.904166666666667,82.41666666666667,57.125
2025-03-26,30.554166666666664,16.150000000000002,0.3313333333333333,13.275,11.275,115.0,59.517167381974254
2025-03-27,88.52916666666665,27.995833333333334,0.416625,14.8375,11.158333333333333,106.375,84.42900572246066
2025-03-28,97.19166666666666,33.199999999999996,0.6637083333333333,34.5375,18.929166666666667,94.45833333333333,95.3733905579399
2025-03-29,47.92916666666667,24.40416666666667,0.6944166666666667,27.008333333333336,15.420833333333334,101.95833333333333,76.87571530758227
2025-03-30,33.97083333333334,18.783333333333335,0.5310416666666666,20.516666666666666,17.091666666666665,115.41666666666667,65.05507868383405
2025-03-31,40.74583333333333,18.991666666666667,0.616375,22.7375,15.924999999999999,91.625,65.49320457796853
2025-04-01,64.1125,27.233333333333334,0.6094583333333333,32.05416666666667,19.995833333333334,84.33333333333333,82.82546494992847
2025-04-02,44.225,25.337500000000002,0.69725,32.204166666666666,20.5875,83.0,78.83851931330473
2025-04-03,31.724999999999998,21.025000000000002,0.53,28.895833333333332,16.470833333333335,86.0,69.76931330472104
2025-04-04,27.925,17.820833333333333,0.6623333333333333,24.370833333333334,15.829166666666666,99.25,63.030937052932764
2025-04-05,14.055825,10.429166666666667,0.3697916666666667,16.233333333333334,10.883333333333333,95.20833333333333,43.454861111111114
2025-04-06,28.84081666666667,12.5375,0.35358333333333336,13.275,9.1,96.95833333333333,51.9200643776824
2025-04-07,25.820833333333336,16.183333333333334,0.40275,16.620833333333334,10.104166666666666,91.0,59.58726752503577
2025-04-08,39.5375,23.791666666666668,0.508625,23.791666666666668,14.133333333333333,77.20833333333333,75.5876251788269
2025-04-09,39.858333333333334,18.741666666666667,0.3877083333333333,17.920833333333334,12.820833333333333,79.0,64.96745350500716
2025-04-10,37.612500000000004,18.320833333333333,0.30733333333333335,16.516666666666666,12.283333333333333,78.95833333333333,64.08243919885551
2025-04-11,52.11666666666667,23.691666666666666,0.3592916666666666,13.866666666666667,11.049999999999999,85.91666666666667,75.37732474964236
2025-04-12,40.4375,18.570833333333333,0.36212500000000003,13.804166666666667,10.445833333333333,87.58333333333333,64.60819027181688
2025-04-13,31.729166666666668,16.045833333333334,0.29041666666666666,10.275,9.8125,77.625,59.29810443490702
2025-04-14,29.71666666666667,16.333333333333332,0.28695833333333337,10.425,9.120833333333334,76.54166666666667,59.90271816881259
2025-04-15,38.979166666666664,17.945833333333333,0.2805,10.616666666666667,10.095833333333333,76.41666666666667,63.29381258941345
2025-04-16,40.67916666666667,18.095833333333335,0.27695833333333336,9.7125,9.170833333333333,75.0,63.609263233190276
2025-04-17,34.34583333333333,15.525,0.277125,9.799999999999999,8.633333333333333,76.75,58.202789699570815
2025-04-18,41.63333333333333,17.3875,0.27529166666666666,9.262500000000001,9.745833333333334,93.08333333333333,62.11963519313305
2025-04-19,239.60696666666706,61.49583333333334,0.315875,10.0,10.825000000000001,107.41666666666667,154.09584650509308
2025-04-20,163.36666666666667,46.76666666666667,0.46129166666666666,15.983333333333334,12.083333333333334,95.70833333333333,128.74204355108878
2025-04-21,128.28333333333333,44.512499999999996,0.478875,20.016666666666666,16.266666666666666,98.625,123.19158291457285
2025-04-22,84.24583333333334,32.300000000000004,0.5415416666666667,19.083333333333332,15.566666666666668,96.79166666666667,93.48068669527899
2025-04-23,77.07916666666667,27.491666666666664,0.4424166666666667,16.729166666666668,12.291666666666666,90.04166666666667,83.36874105865522
2025-04-24,44.800000000000004,20.595833333333335,0.3881666666666667,14.608333333333334,11.15,94.41666666666667,68.86677396280402
2025-04-25,52.666666666666664,21.816666666666666,0.3874583333333333,13.783333333333333,11.179166666666667,89.0,71.43419170243205
2025-04-26,76.45833333333333,28.270833333333332,0.38387499999999997,21.0125,13.362499999999999,91.875,85.00733190271818
2025-04-27,67.22916666666667,27.125,0.3988333333333333,16.775,11.291666666666666,80.625,82.59763948497854
2025-04-28,41.71666666666667,20.204166666666666,0.3554583333333334,14.529166666666667,9.970833333333333,87.58333333333333,68.0430972818312
2025-04-29,20.104166666666668,13.65,0.3204166666666667,12.366666666666667,8.729166666666666,87.91666666666667,54.25965665236052
2025-04-30,24.445833333333336,14.654166666666667,0.28783333333333333,10.929166666666667,9.004166666666666,82.91666666666667,56.3714234620887
2025-05-01,26.004166666666666,15.85,0.28554166666666664,9.645833333333334,8.950000000000001,81.41666666666667,58.886266094420606
2025-05-02,27.40416666666667,16.5125,0.27191666666666664,11.166666666666666,9.866666666666667,75.58333333333333,60.27950643776824
2025-05-03,32.175000000000004,17.595833333333335,0.3383333333333333,15.987499999999999,11.970833333333333,80.25,62.55776108726753
2025-05-04,34.045833333333334,19.370833333333334,0.33699999999999997,13.5,11.066666666666668,84.16666666666667,66.29059370529328
2025-05-05,72.05416666666666,28.479166666666668,0.5647916666666667,22.02916666666667,15.654166666666667,77.625,85.44545779685265
2025-05-06,87.3875,32.800000000000004,0.4525416666666667,21.745833333333334,21.029166666666665,84.45833333333333,94.53218884120173
2025-05-07,55.38333333333333,23.05,0.3812083333333333,19.358333333333334,21.8125,70.16666666666667,74.02789699570816
2025-05-08,51.77916666666667,21.995833333333334,0.3275,16.679166666666667,16.95,56.458333333333336,71.8109799713877
2025-05-09,69.78333333333333,28.691666666666666,0.332125,15.395833333333334,18.162499999999998,65.04166666666667,85.89234620886982
2025-05-10,70.51666666666667,29.712500000000002,0.26329166666666665,11.9125,16.095833333333335,73.83333333333333,88.03916309012877
2025-05-11,82.18333333333334,36.65416666666667,0.2592083333333333,10.804166666666667,13.308333333333332,79.41666666666667,103.84191792294808
2025-05-12,63.19166666666666,25.616666666666664,0.24375,9.108333333333333,11.883333333333333,87.25,79.42560801144492
2025-05-13,38.275,20.345833333333335,0.24366666666666667,10.116666666666667,12.391666666666666,83.29166666666667,68.34102288984263
2025-05-14,46.13333333333333,22.72083333333333,0.2992916666666667,13.5875,13.416666666666666,81.08333333333333,73.33565808297568
2025-05-15,45.137499999999996,21.7375,0.31945833333333334,15.608333333333334,13.545833333333334,80.54166666666667,71.26770386266095
2025-05-16,36.170833333333334,18.783333333333335,0.27758333333333335,13.945833333333333,12.35,72.0,65.05507868383405
2025-05-17,38.5,18.4875,0.25,12.708333333333334,12.991666666666667,64.375,64.4329399141631
2025-05-18,33.4375,16.724999999999998,0.25225000000000003,11.9,14.762500000000001,61.875,60.72639484978541
2025-05-19,43.24583333333334,19.516666666666666,0.2207083333333333,10.3125,12.775,60.083333333333336,66.59728183118742
2025-05-20,74.71249999999999,23.037499999999998,0.20920833333333333,8.008333333333333,12.191666666666668,63.958333333333336,74.00160944206009
2025-05-21,106.125,27.6375,0.2197083333333333,9.108333333333333,13.3125,70.16666666666667,83.67542918454936
2025-05-22,79.24583333333334,22.329166666666666,0.22116666666666665,10.674999999999999,12.704166666666666,64.20833333333333,72.51198140200286
2025-05-23,52.42083333333333,18.25,0.209125,9.595833333333333,11.1875,66.08333333333333,63.93347639484979
2025-05-24,59.449999999999996,23.258333333333336,0.210375,8.783333333333333,11.583333333333334,67.58333333333333,74.46602288984265
2025-05-25,68.40416666666667,28.400000000000002,0.21308333333333332,8.658333333333333,11.858333333333334,67.20833333333333,85.27896995708156
2025-05-26,59.291666666666664,27.245833333333334,0.22124999999999997,9.879166666666666,11.9125,67.20833333333333,82.85175250357655
2025-05-27,47.6875,22.995833333333334,0.222,8.845833333333333,10.9125,66.04166666666667,73.9139842632332
2025-05-28,65.79583333333333,26.195833333333336,0.2970833333333333,11.595833333333333,13.145833333333334,76.625,80.64359799713878
2025-05-29,137.09166666666667,35.137499999999996,0.35912499999999997,11.329166666666666,11.8125,104.33333333333333,99.44796137339056
2025-05-30,140.45416666666668,37.025,0.25570833333333337,8.791666666666666,7.666666666666667,92.625,104.75502512562814
2025-05-31,133.43855833333362,34.5375,0.23683333333333334,7.2625,8.383333333333333,86.79166666666667,98.18615879828326
2025-06-01,144.55833333333334,36.875,0.294,10.033333333333333,9.575000000000001,81.25,104.3856783919598
2025-06-02,188.35696666666706,44.22083333333333,0.246375,8.75,10.1625,83.83333333333333,122.47340871021775
2025-06-03,89.87916666666666,31.02916666666667,0.25095833333333334,8.75,9.625,83.83333333333333,90.80811874105866
2025-06-04,81.53333333333333,27.254166666666666,0.21170833333333336,8.816666666666666,11.304166666666667,72.08333333333333,82.86927753934192
2025-06-05,73.60833333333333,24.704166666666666,0.20875,9.15,12.15,67.79166666666667,77.50661659513591
2025-06-06,65.96249999999999,25.4875,0.19570833333333335,8.291666666666666,11.370833333333332,70.25,79.15396995708156
2025-06-07,62.90833333333333,23.320833333333336,0.18779166666666666,7.533333333333334,10.208333333333334,71.33333333333333,74.59746065808298
2025-06-08,53.975,22.5625,0.19383333333333333,8.0625,10.6125,75.75,73.00268240343348
2025-06-09,48.76666666666667,21.516666666666666,0.191375,7.9375,10.4125,70.04166666666667,70.8032904148784
2025-06-10,49.36666666666667,21.474999999999998,0.19775,7.204166666666667,9.916666666666666,71.5,70.7156652360515
2025-06-11,45.6625,21.045833333333334,0.19891666666666666,7.3374999999999995,10.458333333333334,69.66666666666667,69.81312589413449
2025-06-12,33.520833333333336,16.525000000000002,0.19691666666666666,8.633333333333333,11.054166666666667,66.16666666666667,60.305793991416316
2025-06-13,61.10833333333333,21.90833333333333,0.24729166666666666,11.420833333333334,12.379166666666668,71.41666666666667,71.62696709585121
2025-06-14,110.72916666666667,32.275,0.312625,14.479166666666666,14.5,76.0,93.42811158798284
2025-06-15,127.24166666666667,35.4,0.35229166666666667,20.354166666666668,16.633333333333333,65.66666666666667,100.0
2025-06-16,118.54583333333333,40.09166666666667,0.32145833333333335,24.429166666666664,27.34583333333333,79.16666666666667,112.30611390284757
2025-06-17,89.50833333333333,30.8875,0.286875,13.279166666666667,13.904166666666667,75.16666666666667,90.51019313304721
2025-06-18,47.65833333333333,21.808333333333334,0.213875,6.745833333333334,9.945833333333333,73.25,71.41666666666667
2025-06-19,48.4,19.974999999999998,0.1985,5.995833333333334,7.9875,65.54166666666667,67.56115879828326
2025-06-20,51.59583333333333,21.34583333333333,0.22658333333333333,7.666666666666667,8.804166666666665,63.208333333333336,70.44402718168813
2025-06-21,42.645833333333336,20.216666666666665,0.22729166666666667,9.345833333333333,10.245833333333334,60.583333333333336,68.06938483547926
2025-06-22,58.6,23.608333333333334,0.2489583333333333,10.733333333333334,12.058333333333332,64.95833333333333,75.20207439198856
2025-06-23,68.175,27.445833333333336,0.24833333333333332,11.25,12.975,64.375,83.27235336194565
2025-06-24,88.05,31.608333333333334,0.29316666666666663,14.083333333333334,15.262500000000001,64.75,92.02610872675251
2025-06-25,82.2,31.4875,0.352125,15.329166666666666,16.454166666666666,66.75,91.77199570815452
2025-06-26,92.81666666666666,29.400000000000002,0.3929583333333333,16.404166666666665,18.504166666666666,60.041666666666664,87.38197424892705
2025-06-27,68.45416666666667,33.07083333333333,0.5198333333333333,24.354166666666668,19.675,74.29166666666667,95.10175250357653
2025-06-28,47.583333333333336,23.420833333333334,0.41825,18.708333333333332,15.049999999999999,74.125,74.80776108726754
2025-06-29,26.366666666666664,15.291666666666666,0.330875,17.0125,15.012500000000001,68.0,57.7120886981402
2025-06-30,60.39166666666667,23.641666666666666,0.24741666666666665,10.041666666666666,10.120833333333334,56.541666666666664,75.27217453505007
2025-07-01,57.18333333333334,23.179166666666664,0.24850000000000003,11.320833333333333,10.991666666666667,53.625,74.29953505007153
2025-07-02,71.41250000000001,23.879166666666666,0.251125,12.570833333333333,12.279166666666667,51.916666666666664,75.77163805436338
2025-07-03,84.35000000000001,27.84583333333333,0.32975000000000004,16.854166666666668,16.541666666666668,47.958333333333336,84.11355507868385
2025-07-04,86.87916666666666,29.900000000000002,0.28279166666666666,15.670833333333334,15.679166666666667,54.125,88.4334763948498
2025-07-05,93.47083333333335,32.59166666666667,0.23679166666666665,10.025,12.491666666666667,70.75,94.09406294706724
2025-07-06,79.45,29.104166666666668,0.229,14.549999999999999,13.154166666666667,64.91666666666667,86.75983547925608
2025-07-07,93.83333333333333,33.699999999999996,0.333375,19.579166666666666,19.829166666666666,59.791666666666664,96.42489270386265
2025-07-08,101.17916666666667,35.041666666666664,0.29275,15.020833333333334,17.433333333333334,71.95833333333333,99.2464234620887
2025-07-09,90.25,32.416666666666664,0.26466666666666666,16.1875,15.454166666666666,57.958333333333336,93.72603719599428
2025-07-10,97.45,32.574999999999996,0.27654166666666663,16.804166666666667,15.0375,52.0,94.05901287553647
2025-07-11,74.23333333333333,26.566666666666666,0.25183333333333335,13.9,15.058333333333332,54.833333333333336,81.42346208869814
2025-07-12,73.24583333333334,24.97083333333333,0.23299999999999998,11.604166666666666,12.583333333333334,56.833333333333336,78.06741773962804
2025-07-13,82.45,24.77916666666667,0.22375,9.420833333333333,11.25,61.5,77.66434191702433
2025-07-14,84.34583333333333,25.4875,0.222625,9.708333333333334,11.354166666666666,63.625,79.15396995708156
2025-07-15,83.7,30.308333333333334,0.23529166666666668,11.920833333333334,13.433333333333332,59.166666666666664,89.29220314735338
2025-07-16,75.57083333333334,28.458333333333332,0.24283333333333335,12.354166666666666,12.654166666666667,54.958333333333336,85.4016452074392
2025-07-17,72.10000000000001,26.75,0.261,10.820833333333333,13.987499999999999,54.958333333333336,81.80901287553648
2025-07-18,68.47083333333333,25.479166666666668,0.23516666666666666,9.200000000000001,14.1,58.125,79.13644492131617
2025-07-19,66.55416666666666,25.354166666666668,0.20875,8.754166666666666,12.633333333333333,56.791666666666664,78.87356938483549
2025-07-20,65.28750000000001,25.483333333333334,0.25658333333333333,11.633333333333333,14.200000000000001,50.5,79.14520743919886
2025-07-21,68.2625,29.266666666666666,0.266625,13.779166666666667,14.329166666666666,53.666666666666664,87.10157367668097
2025-07-22,64.9875,26.316666666666666,0.22395833333333334,9.029166666666667,11.225,58.791666666666664,80.89771101573677
2025-07-23,59.17083333333333,23.40833333333333,0.22412500000000002,8.291666666666666,8.954166666666667,57.583333333333336,74.78147353361946
2025-07-24,63.6625,26.40416666666667,0.252875,10.245833333333334,11.158333333333333,59.375,81.08172389127326
2025-07-25,67.00833333333334,24.34166666666667,0.24658333333333335,9.570833333333333,11.674999999999999,62.0,76.74427753934192
2025-07-26,77.26666666666667,28.125,0.22958333333333333,9.466666666666667,11.5625,64.125,84.70064377682404
2025-07-27,64.08749999999999,24.474999999999998,0.22258333333333333,9.1625,11.391666666666666,63.291666666666664,77.02467811158797
2025-07-28,67.49166666666666,21.77916666666667,0.21662499999999998,7.495833333333334,9.375,61.083333333333336,71.35532904148785
2025-07-29,53.020833333333336,20.6375,0.20266666666666666,7.3,8.475,59.208333333333336,68.9543991416309
2025-07-30,68.89999999999999,25.212500000000002,0.22920833333333335,8.791666666666666,10.016666666666667,58.541666666666664,78.57564377682405
2025-07-31,71.30416666666666,26.483333333333334,0.25566666666666665,11.983333333333334,12.225,54.041666666666664,81.24821173104436
2025-08-01,61.354166666666664,23.412499999999998,0.23583333333333334,10.745833333333332,11.049999999999999,53.75,74.79023605150215
2025-08-02,59.99166666666667,20.816666666666666,0.22924999999999998,11.383333333333333,10.433333333333334,51.208333333333336,69.33118741058655
2025-08-03,58.137499999999996,19.916666666666668,0.235375,10.1625,11.091666666666667,56.875,67.43848354792561
2025-08-04,49.62083333333334,18.145833333333332,0.21370833333333336,9.325000000000001,10.025,56.333333333333336,63.71441344778255
2025-08-05,47.62083333333334,19.7375,0.22720833333333335,9.5375,9.1625,52.958333333333336,67.06169527896996
2025-08-06,51.770833333333336,21.59583333333333,0.2520833333333333,10.291666666666666,10.4125,52.291666666666664,70.9697782546495
2025-08-07,48.6,20.95,0.24879166666666666,10.391666666666667,10.7875,53.25,69.61158798283262
2025-08-08,41.1875,17.791666666666668,0.218,8.120833333333334,9.683333333333334,54.083333333333336,62.96959942775394
2025-08-09,39.50833333333333,17.537499999999998,0.21120833333333333,9.258333333333335,10.220833333333333,49.166666666666664,62.43508583690987
2025-08-10,44.78333333333333,19.804166666666667,0.214375,8.604166666666666,10.166666666666666,50.5,67.201895565093
2025-08-11,46.725,19.45,0.22275,8.549999999999999,9.125,45.791666666666664,66.45708154506438
2025-08-12,40.40416666666667,19.566666666666666,0.22875,8.983333333333333,9.158333333333333,46.083333333333336,66.70243204577969
2025-08-13,46.75416666666666,21.1375,0.3027916666666667,13.4375,12.645833333333334,44.833333333333336,70.00590128755366
2025-08-14,53.4125,22.141666666666666,0.3715833333333333,18.733333333333334,16.629166666666666,41.291666666666664,72.11766809728184
2025-08-15,70.12083333333334,28.229166666666668,0.47537499999999994,23.05,21.291666666666668,50.458333333333336,84.9197067238913
2025-08-16,61.75416666666666,26.9875,0.3097083333333333,19.158333333333335,21.4875,63.333333333333336,82.30847639484979
2025-08-17,45.07916666666667,23.070833333333336,0.3372916666666667,19.241666666666667,18.941666666666666,60.375,74.07170958512161
2025-08-18,39.09583333333333,25.287499999999998,0.46675,19.25,19.033333333333335,76.95833333333333,78.73336909871244
2025-08-19,46.5375,29.191666666666666,0.41933333333333334,28.545833333333334,18.470833333333335,63.5,86.94384835479258
2025-08-20,37.28333333333333,31.662499999999998,1.4652083333333332,26.22083333333333,15.275,91.16666666666667,92.14002145922748
2025-08-21,29.13915833333333,24.295833333333334,1.1245416666666668,36.979166666666664,19.400000000000002,45.541666666666664,76.64788984263234
2025-08-22,33.52916666666667,22.787499999999998,0.30195833333333333,15.266666666666666,14.208333333333334,76.125,73.47585836909872
2025-08-23,50.81666666666666,24.3625,0.25170833333333337,10.304166666666667,9.424999999999999,56.0,76.78809012875537
2025-08-24,55.6875,21.741666666666664,0.25416666666666665,11.200000000000001,9.829166666666667,51.708333333333336,71.27646638054364
2025-08-25,68.79166666666667,23.670833333333334,0.30716666666666664,16.254166666666666,13.441666666666668,44.625,75.3335121602289
2025-08-26,87.90833333333335,27.554166666666664,0.3285416666666667,15.620833333333332,13.733333333333334,45.791666666666664,83.50017882689556
2025-08-27,69.59583333333333,26.741666666666664,0.303,15.133333333333333,13.125,49.583333333333336,81.7914878397711
2025-08-28,77.39166666666667,30.4875,0.29270833333333335,13.416666666666666,13.508333333333333,55.208333333333336,89.66899141630903
2025-08-29,92.54583333333333,34.8125,0.34650000000000003,17.212500000000002,14.258333333333333,53.083333333333336,98.76448497854078
2025-08-30,98.19166666666666,38.375,0.312125,17.733333333333334,16.079166666666666,55.208333333333336,108.07914572864321
2025-08-31,74.47083333333333,26.46666666666667,0.235375,11.475,12.1875,55.291666666666664,81.2131616595136
2025-09-01,54.475,23.662499999999998,0.22545833333333332,10.941666666666668,10.020833333333334,55.458333333333336,75.31598712446352
2025-09-02,58.1875,27.920833333333334,0.266625,15.170833333333334,12.0625,50.375,84.27128040057225
2025-09-03,63.916666666666664,30.1875,0.26491666666666663,16.195833333333333,14.295833333333334,53.0,89.03809012875536
2025-09-04,61.324999999999996,25.545833333333334,0.24791666666666667,13.245833333333332,13.987499999999999,56.833333333333336,79.2766452074392
2025-09-05,55.520833333333336,26.90833333333333,0.24949999999999997,12.65,13.145833333333334,61.958333333333336,82.14198855507868
2025-09-06,52.3125,26.191666666666666,0.23291666666666666,13.483333333333334,12.166666666666666,56.416666666666664,80.63483547925608
2025-09-07,46.90833333333333,24.28333333333333,0.23383333333333334,12.116666666666667,11.583333333333334,54.583333333333336,76.62160228898426
2025-09-08,51.37916666666666,26.587500000000002,0.316375,21.7375,14.104166666666666,42.666666666666664,81.4672746781116
2025-09-09,27.704166666666666,18.258333333333333,0.31612500000000004,26.004166666666666,12.795833333333334,39.958333333333336,63.951001430615165
2025-09-10,40.170833333333334,19.966666666666665,0.39929166666666666,22.058333333333334,11.429166666666667,31.25,67.54363376251789
2025-09-11,30.224999999999998,15.299999999999999,0.3885,16.633333333333333,12.629166666666668,37.75,57.72961373390558
2025-09-12,25.920833333333334,14.541666666666666,0.333125,17.1375,12.299999999999999,35.333333333333336,56.13483547925608
2025-09-13,22.291666666666668,12.954166666666666,0.29791666666666666,14.583333333333334,12.65,40.333333333333336,52.79631616595136
2025-09-14,22.195833333333336,12.674999999999999,0.24050829166666668,10.9625,10.741666666666667,42.958333333333336,52.20922746781116
2025-09-15,25.008333333333336,13.554166666666667,0.23497491666666667,9.591666666666667,8.895833333333334,41.458333333333336,54.05811874105866
2025-09-16,39.824999999999996,18.395833333333332,0.2808333333333333,13.591666666666667,10.225,38.125,64.24016452074392
2025-09-17,62.8125,23.974999999999998,0.36516666666666664,19.541666666666668,14.4375,38.625,75.97317596566523
2025-09-18,82.90416666666667,27.770833333333332,0.3432916666666667,19.2375,14.35,45.125,83.95582975679542
2025-09-19,89.72083333333335,28.474999999999998,0.31345833333333334,20.945833333333333,14.041666666666666,38.75,85.43669527896996
2025-09-20,77.45,26.133333333333336,0.2955,18.329166666666666,12.770833333333334,38.5,80.51216022889844
2025-09-21,65.98333333333333,23.02916666666667,0.25370833333333337,15.4625,12.270833333333334,42.375,73.98408440629471
2025-09-22,44.762499999999996,18.695833333333333,0.23575000000000002,11.5875,11.008333333333333,48.791666666666664,64.87106580829757
2025-09-23,40.59583333333333,19.245833333333334,0.23224999999999998,12.279166666666667,10.808333333333332,47.583333333333336,66.0277181688126
2025-09-24,52.95416666666667,22.570833333333336,0.281875,15.804166666666667,11.620833333333332,40.625,73.02020743919887
2025-09-25,58.6,27.175,0.38987499999999997,22.254166666666666,14.9125,38.291666666666664,82.70278969957081
2025-09-26,54.520833333333336,28.175,0.36000000000000004,22.34166666666667,17.558333333333334,49.75,84.80579399141632
2025-09-27,33.800000000000004,21.383333333333336,0.3114166666666667,19.829166666666666,16.545833333333334,56.625,70.52288984263234
2025-09-28,50.125,26.795833333333334,0.26587500000000003,15.987499999999999,14.058333333333332,62.625,81.90540057224607
2025-09-29,42.987500000000004,33.8375,0.6596666666666667,36.37083333333333,17.083333333333332,70.95833333333333,96.71405579399142
2025-09-30,38.5875,27.433333333333334,0.802625,24.59166666666667,12.4,73.625,83.24606580829757
2025-10-01,15.333333333333334,14.0,0.6390416666666666,12.2875,8.7875,77.91666666666667,54.99570815450644
2025-10-02,14.244133333333332,11.112499999999999,0.5388333333333334,10.804166666666667,8.075000000000001,70.625,46.302083333333336
2025-10-03,14.419983333333334,10.133333333333333,0.495875,11.3375,7.783333333333334,54.958333333333336,42.22222222222222
2025-10-04,19.95,13.7875,0.5020416666666666,17.3375,11.1625,44.25,54.54881974248927
2025-10-05,23.354166666666668,15.179166666666667,0.29920833333333335,11.5875,10.7875,61.708333333333336,57.47550071530758
2025-10-06,122.75833333333333,33.93333333333333,0.27343325,8.783333333333333,8.695833333333333,77.75,96.91559370529328
2025-10-07,163.77916666666667,41.733333333333334,0.5722083333333333,26.483333333333334,15.791666666666666,58.25,116.34840871021775
2025-10-08,117.48333333333333,42.67083333333333,0.679625,33.47083333333333,23.554166666666664,55.625,118.65682579564488
2025-10-09,96.0625,39.11666666666667,0.5778333333333333,28.420833333333334,19.925,64.79166666666667,109.90536013400336
2025-10-10,78.81666666666666,39.21666666666667,0.6003333333333333,26.599999999999998,18.941666666666666,69.79166666666667,110.15159128978225
2025-10-11,71.575,41.0375,0.7029583333333332,26.766666666666666,20.004166666666666,74.95833333333333,114.63505025125629
2025-10-12,60.104166666666664,39.27916666666667,0.57225,22.5125,18.45,91.5,110.30548576214406
2025-10-13,51.17916666666667,38.333333333333336,0.6118333333333333,23.570833333333336,16.695833333333333,86.20833333333333,107.97654941373536
2025-10-14,40.604166666666664,32.69583333333333,0.501,20.441666666666666,15.625,94.70833333333333,94.31312589413449
2025-10-15,32.737500000000004,29.108333333333334,0.5425833333333333,21.354166666666668,16.458333333333332,100.66666666666667,86.76859799713878
2025-10-16,35.65833333333333,31.895833333333332,0.6653333333333333,29.575,19.458333333333332,96.91666666666667,92.63072246065809
2025-10-17,37.62916666666667,31.233333333333334,0.6717083333333332,29.733333333333334,20.0125,102.5,91.23748211731045
2025-10-18,37.24166666666667,30.708333333333332,0.7407916666666666,30.258333333333336,20.420833333333334,98.75,90.13340486409157
2025-10-19,33.487500000000004,26.241666666666664,0.6219583333333333,25.395833333333332,18.933333333333334,94.25,80.73998569384835
2025-10-20,31.8625,25.254166666666666,0.6265,32.37083333333333,18.508333333333333,84.75,78.66326895565093
2025-10-21,43.487500000000004,36.762499999999996,0.8737499999999999,40.0875,21.425,78.25,104.10866834170854
2025-10-22,44.0,36.6875,0.7309583333333333,31.1875,14.070833333333333,90.125,103.92399497487438
2025-10-23,49.96666666666667,39.237500000000004,1.0014166666666666,47.95416666666667,19.995833333333334,80.25,110.20288944723619
2025-10-24,40.487500000000004,35.579166666666666,1.1999583333333332,53.6625,21.333333333333332,77.375,101.19493299832496
2025-10-25,27.425,23.508333333333336,0.977875,25.15416666666667,12.275,93.83333333333333,74.99177396280402
2025-10-26,25.241666666666664,22.7625,0.5675,17.058333333333334,11.770833333333334,105.25,73.42328326180258
2025-10-27,30.0625,25.829166666666666,0.5010416666666667,12.9125,10.933333333333332,106.58333333333333,79.8724964234621
2025-10-28,45.708333333333336,38.666666666666664,0.5064583333333333,11.375,13.6625,117.20833333333333,108.79731993299832
2025-10-29,35.449999999999996,31.5,0.4555,12.829166666666666,10.112499999999999,92.04166666666667,91.79828326180258
2025-10-30,37.05833333333333,32.80416666666667,0.470875,15.450000000000001,12.3375,95.70833333333333,94.5409513590844
2025-10-31,80.52916666666667,65.56666666666666,0.994625,38.925000000000004,20.795833333333334,73.41666666666667,156.19775201966982
2025-11-01,79.85416666666667,70.49583333333334,1.1941249999999999,53.041666666666664,25.349999999999998,68.125,158.74284334387073
2025-11-02,52.64166666666667,45.88333333333333,0.9115416666666666,34.875,24.49334583333335,76.45833333333333,126.56700167504188
2025-11-03,55.583333333333336,31.858333333333334,0.8134166666666666,22.554166666666664,13.966666666666667,66.125,92.55185979971388
2025-11-04,40.512499999999996,23.820833333333336,397.7131250000062,20.345833333333335,13.479166666666666,71.58333333333333,75.64896280400573
2025-11-05,52.770833333333336,40.166666666666664,504.2531666666816,40.954166666666666,17.162499999999998,61.75,112.49078726968173
